-- MySQL dump 10.13  Distrib 5.7.31, for Win64 (x86_64)
--
-- Host: localhost    Database: myapp
-- ------------------------------------------------------
-- Server version	5.7.31-log

/*!40101 SET @OLD_CHARACTER_SET_CLIENT=@@CHARACTER_SET_CLIENT */;
/*!40101 SET @OLD_CHARACTER_SET_RESULTS=@@CHARACTER_SET_RESULTS */;
/*!40101 SET @OLD_COLLATION_CONNECTION=@@COLLATION_CONNECTION */;
/*!40101 SET NAMES utf8 */;
/*!40103 SET @OLD_TIME_ZONE=@@TIME_ZONE */;
/*!40103 SET TIME_ZONE='+00:00' */;
/*!40014 SET @OLD_UNIQUE_CHECKS=@@UNIQUE_CHECKS, UNIQUE_CHECKS=0 */;
/*!40014 SET @OLD_FOREIGN_KEY_CHECKS=@@FOREIGN_KEY_CHECKS, FOREIGN_KEY_CHECKS=0 */;
/*!40101 SET @OLD_SQL_MODE=@@SQL_MODE, SQL_MODE='NO_AUTO_VALUE_ON_ZERO' */;
/*!40111 SET @OLD_SQL_NOTES=@@SQL_NOTES, SQL_NOTES=0 */;

--
-- Table structure for table `quest`
--

DROP TABLE IF EXISTS `quest`;
/*!40101 SET @saved_cs_client     = @@character_set_client */;
/*!40101 SET character_set_client = utf8 */;
CREATE TABLE `quest` (
  `id` int(11) NOT NULL AUTO_INCREMENT,
  `content` varchar(255) NOT NULL,
  `endTime` varchar(255) NOT NULL,
  `quest` varchar(255) NOT NULL,
  `startTime` varchar(255) NOT NULL,
  `rutine_id` int(11) NOT NULL,
  PRIMARY KEY (`id`),
  KEY `FKgnnvu9q4j9c2qmopkx0getgdp` (`rutine_id`)
) ENGINE=MyISAM AUTO_INCREMENT=29 DEFAULT CHARSET=utf8;
/*!40101 SET character_set_client = @saved_cs_client */;

--
-- Dumping data for table `quest`
--

LOCK TABLES `quest` WRITE;
/*!40000 ALTER TABLE `quest` DISABLE KEYS */;
INSERT INTO `quest` VALUES (7,'さ','04:00','さん','03:00',1),(12,'は','00:59','はち','00:00',1),(5,'い','02:00','いち','01:00',1),(8,'よ','06:00','よん','05:00',1),(9,'ご','08:07','ご','07:59',1),(11,'な','23:30','なな','21:30',1),(13,'き','02:29','きゅう','02:01',1),(14,'じ','07:58','じゅう','06:01',1),(17,'コメを食べる21231231','09:08','朝飯','08:08',1),(16,'じに','23:59','じゅうに','23:31',1),(18,'コメを食べるwqeqweq','09:09','昼飯','09:09',1),(19,'2342345','10:10','2342341','09:10',1),(20,'23433454','12:43','2341341','12:23',1),(22,'ゲームでも遊ぼう','18:59','休憩','18:30',22),(23,'懸垂\r\n腕立て伏せ\r\n腹筋ローラー\r\nスクワット\r\n','19:59','筋トレ','19:00',22),(24,'シャワー\r\n歯磨き\r\n着替え','20:29','シャワー','20:00',22),(25,'出来事\r\n感想\r\n筋トレ状況','20:44','日記','20:30',22),(26,'','23:59','寝る','20:45',22),(27,'','04:29','寝る','00:00',22),(28,'','04:44','歯磨き','04:30',22);
/*!40000 ALTER TABLE `quest` ENABLE KEYS */;
UNLOCK TABLES;

--
-- Table structure for table `rutine`
--

DROP TABLE IF EXISTS `rutine`;
/*!40101 SET @saved_cs_client     = @@character_set_client */;
/*!40101 SET character_set_client = utf8 */;
CREATE TABLE `rutine` (
  `id` int(11) NOT NULL AUTO_INCREMENT,
  `rutine` varchar(255) NOT NULL,
  `shareCheck` int(11) NOT NULL,
  `user_id` int(11) NOT NULL,
  PRIMARY KEY (`id`),
  KEY `FKdfpptjoe99a244o3lawkjt53u` (`user_id`)
) ENGINE=MyISAM AUTO_INCREMENT=23 DEFAULT CHARSET=utf8;
/*!40101 SET character_set_client = @saved_cs_client */;

--
-- Dumping data for table `rutine`
--

LOCK TABLES `rutine` WRITE;
/*!40000 ALTER TABLE `rutine` DISABLE KEYS */;
INSERT INTO `rutine` VALUES (1,'123',1,1),(2,'234',0,1),(6,'123',1,2),(8,'456',1,1),(9,'345',1,1),(10,'123',1,1),(11,'3123123',1,1),(12,'123123',1,1),(13,'3123123',1,1),(14,'423423',1,1),(16,'543534',1,1),(17,'534534',1,1),(18,'345345',1,1),(19,'345345',1,1),(22,'平日',0,1);
/*!40000 ALTER TABLE `rutine` ENABLE KEYS */;
UNLOCK TABLES;

--
-- Table structure for table `user`
--

DROP TABLE IF EXISTS `user`;
/*!40101 SET @saved_cs_client     = @@character_set_client */;
/*!40101 SET character_set_client = utf8 */;
CREATE TABLE `user` (
  `id` int(11) NOT NULL AUTO_INCREMENT,
  `admin_flag` int(11) NOT NULL,
  `created_at` datetime NOT NULL,
  `delete_flag` int(11) NOT NULL,
  `name` varchar(255) NOT NULL,
  `password` varchar(64) NOT NULL,
  `updated_at` datetime NOT NULL,
  PRIMARY KEY (`id`),
  UNIQUE KEY `UK_syftr7gx86fwf7ox7bgvnnta7` (`name`)
) ENGINE=MyISAM AUTO_INCREMENT=15 DEFAULT CHARSET=utf8;
/*!40101 SET character_set_client = @saved_cs_client */;

--
-- Dumping data for table `user`
--

LOCK TABLES `user` WRITE;
/*!40000 ALTER TABLE `user` DISABLE KEYS */;
INSERT INTO `user` VALUES (1,1,'2020-09-13 19:51:21',0,'1','21CFD9520D96863E6750DB361FF7166A61C2B2AF860959B18F95949DB7701B5E','2020-09-14 20:07:15'),(2,0,'2020-09-13 19:58:45',0,'2','E116D28E99775969D32FC2B9FC6CA025948E1FD8E03C71F30102B94A734B243F','2020-09-14 20:07:22'),(3,0,'2020-09-13 19:58:48',0,'3','E36DF99BE558876E582540F4D5EB5B1236B594D6462C26079CEB93A04A43A8E9','2020-09-14 20:07:30'),(4,0,'2020-09-13 20:22:34',0,'4','2D86228A32FDF76F0AAC2D211C45AB173EDEE6833DA9826B338D0810DFB8DA98','2020-09-13 22:31:16'),(5,0,'2020-09-13 20:26:51',0,'5','5471A8434FE45561869896E6D3AB7F297B38264DF8402A5C287150FA3A8657DF','2020-09-13 22:31:23'),(10,0,'2020-09-14 20:08:08',0,'10','D8B461B2AC3B4647E3DAB168C93A3F4CDB5EC314873E89AFB737BE8FA851D2E8','2020-09-14 20:08:08'),(6,0,'2020-09-13 21:49:37',0,'6','B208E3089577A21D28B85579F7CDAB2DD2EB23AE0B190E4DF8D95BCACD2314B2','2020-09-13 22:31:30'),(7,0,'2020-09-13 21:49:40',0,'7','6DC8C0073EACF99AB494FCD0F5040C1A260F0B85C5794F628B7F833E26DBD2E2','2020-09-14 20:07:41'),(8,0,'2020-09-13 21:49:42',0,'8','2AFD8955B48065A19AC6B1F61AA9E6C923DC0DDA2ED74EDDB1B92B2A9D6D4F4C','2020-09-14 20:07:50'),(9,0,'2020-09-13 21:49:45',0,'9','8F4E9FC5B93D15D28A70F41613A94FB12AF341832BE8BBE1C5E5994906115256','2020-09-14 20:07:59'),(11,0,'2020-09-14 20:53:15',1,'11','07C79D657CF8C936C7BF7F47636AC9D16F3D946506F6CECE1B291ED6ABF9C632','2020-09-14 21:38:52'),(12,0,'2020-09-14 20:54:33',1,'12','B1BA5230F899897FB5A7A8DBB23C5ECB6D40DF98CEB5B5E5371B68D22BFDD8C8','2020-09-14 21:32:59'),(13,0,'2020-09-15 22:03:18',0,'13','02B70C88EE754287A9C4EBCE9B30A82CC0F4A456307C7CF47F3FE8179AF7E38C','2020-09-15 22:03:18'),(14,0,'2020-09-15 22:03:44',0,'14','B09F058C8DF6C9A123297C0ECAE03625DFA61CFB8CFCD5A9CB3FF22785E15112','2020-09-15 22:03:44');
/*!40000 ALTER TABLE `user` ENABLE KEYS */;
UNLOCK TABLES;
/*!40103 SET TIME_ZONE=@OLD_TIME_ZONE */;

/*!40101 SET SQL_MODE=@OLD_SQL_MODE */;
/*!40014 SET FOREIGN_KEY_CHECKS=@OLD_FOREIGN_KEY_CHECKS */;
/*!40014 SET UNIQUE_CHECKS=@OLD_UNIQUE_CHECKS */;
/*!40101 SET CHARACTER_SET_CLIENT=@OLD_CHARACTER_SET_CLIENT */;
/*!40101 SET CHARACTER_SET_RESULTS=@OLD_CHARACTER_SET_RESULTS */;
/*!40101 SET COLLATION_CONNECTION=@OLD_COLLATION_CONNECTION */;
/*!40111 SET SQL_NOTES=@OLD_SQL_NOTES */;

-- Dump completed on 2020-10-12 21:54:03
